{"val_loss": [6.994215901824887, 1.2030871573703947, 0.07762909446322125, 0.04072077429839826], "val_mean_absolute_error": [0.7898634786169643, 0.18860447838933453, 0.15640889681302583, 0.19050451629870646], "val_acc": [0.0, 0.0, 0.0, 0.0], "loss": [12.857325871635798, 1.9061390668482048, 0.5712481756356655, 0.1417585538440304], "mean_absolute_error": [2.1974576249044038, 0.8665334789335233, 0.4159839923269118, 0.22625727467032516], "acc": [0.0, 0.0, 0.0, 0.0]}