{"val_loss": [9.203218069162455, 2.006093156726015, 0.532763205835246, 0.14849199634497148], "val_mean_absolute_error": [2.446090745991993, 1.128139445373604, 0.5859696369409065, 0.3091392554678358], "val_acc": [0.0, 0.0, 0.0, 0.0], "loss": [28.963435086115474, 5.234032710173123, 1.132737341287889, 0.33801095156189975], "mean_absolute_error": [3.8330313508331755, 1.8014223709743769, 0.8428111823270525, 0.4574235802273836], "acc": [0.0, 0.0, 0.0, 0.0]}