{"val_loss": [0.0006808509986310835, 0.052139239100793974, 0.02048781946970489, 0.001948387214915671, 0.00941585014435178, 0.029681200827438674], "val_mean_absolute_error": [0.012966631324588102, 0.06940623715427922, 0.06557127074510963, 0.02023221488127968, 0.03660554066300392, 0.036925096139541744], "val_acc": [0.0, 0.0, 0.0, 0.0, 0.0, 0.0], "loss": [0.011251810890154416, 0.001653684919092013, 0.20193729326304982, 0.022355420302491776, 0.019802379290420134, 0.011155330648853011], "mean_absolute_error": [0.046931557524613414, 0.024100260718271444, 0.1375858826059205, 0.060103721325268505, 0.05007908361821531, 0.04349049891191753], "acc": [0.0, 0.0, 0.0, 0.0, 0.0, 0.0]}