{"val_loss": [0.003296456596329751, 0.04963354715778504, 0.0027662383221423274, 0.004685449266639527, 0.0075255547338280325, 0.00484156581094592], "val_mean_absolute_error": [0.04809468829958343, 0.1800804038612563, 0.0420010693969182, 0.05768831896331207, 0.06880057085719374, 0.05761732190364489], "val_acc": [0.0, 0.0, 0.0, 0.0, 0.0, 0.0], "loss": [0.013082606516617232, 0.003839471066288714, 0.015134931581283838, 0.007005345589237195, 0.006107469437830566, 0.0071182224691335744], "mean_absolute_error": [0.07181579836571886, 0.04430109632670025, 0.07776920318114887, 0.06161368560819954, 0.05972977770227163, 0.06303942735931628], "acc": [0.0, 0.0, 0.0, 0.0, 0.0, 0.0]}