{"val_loss": [0.20252322001293643, 0.029065894741340387, 0.00542854574526391], "val_mean_absolute_error": [0.3478444667838963, 0.13540442097397704, 0.057131461195043615], "val_acc": [0.0, 0.0, 0.0], "loss": [1.9878307268424436, 0.07393781977436065, 0.01270496310041237], "mean_absolute_error": [0.8774969657625709, 0.20245267857650392, 0.08253799018597133], "acc": [0.0, 0.0, 0.0]}