{"val_loss": [19.30202331067123, 3.6954692520371593, 0.14172308627136532, 0.22523795012500827], "val_mean_absolute_error": [4.393362621259788, 1.9222576910641487, 0.37593819036800996, 0.4741774842669711], "val_acc": [0.0, 0.0, 0.0, 0.0], "loss": [26.1377324412781, 6.4335219218728446, 1.639279364045823, 0.4055241496209313], "mean_absolute_error": [4.272973604408064, 2.277693999833182, 1.158479786527, 0.5599434269138114], "acc": [0.0, 0.0, 0.0, 0.0]}