{"val_loss": [0.0006374400698427681, 0.000947713754073818, 0.17301123426008372, 0.0030364003267791696, 0.00355756360632195, 0.02133237594957061], "val_mean_absolute_error": [0.01338092137751871, 0.01882307438530534, 0.30071453690344907, 0.04172121072590443, 0.04525865805565299, 0.1128186904595314], "val_acc": [0.0, 0.0, 0.0, 0.0, 0.0, 0.0], "loss": [0.004463145819379919, 0.0011182298102877346, 0.05346455614423893, 0.047810527246199094, 0.0035995551484641845, 0.019328377000099272], "mean_absolute_error": [0.031802125382650544, 0.02178970029132335, 0.1205384810753718, 0.13750646399901365, 0.045793845758080924, 0.10276097689127106], "acc": [0.0, 0.0, 0.0, 0.0, 0.0, 0.0]}