{"val_loss": [0.7760561564608076, 0.040422389136623445, 0.004561425951017132], "val_mean_absolute_error": [0.6992210976299278, 0.15774884713105006, 0.05369401611620076], "val_acc": [0.0, 0.0, 0.0], "loss": [5.573958410860015, 0.2929454526226771, 0.019054720135356643], "mean_absolute_error": [1.5953339486946596, 0.38872489627254636, 0.10176797431746595], "acc": [0.0, 0.0, 0.0]}